"CODIGO","NOMBRE","DEPARTAMENTO","CREDITOS","TEORICOS","PRACTICOS","CARACTER","CURSO","WEB","COD_MATERIA"
200,"Teoria de la señal",4,6,3,3,"OP",\N,"http://www.ic.uma.es",\N
140,"Prácticas en empresa",1,9,0,9,"TR",\N,\N,3
113,"Calculo Numerico",2,6,3,3,"TR",2,"www.fermat.uma.es",4
114,"Teoria de Automatas",1,6,4,2,"OP",3,\N,\N
115,"Administración de Bases de Datos",1,\N,\N,\N,"OP",\N,"www.lcc.uma.es/~enciso",1
116,"Logica Computacional",2,6,3,3,"OB",2,\N,4
112,"Bases de Datos",1,7,5,3,"TR",3,"www.lcc.uma.es/~enciso",1
110,"Sistemas Operativos",1,6,3,3,"TR",3,\N,\N
122,"Estructura de Computadores",3,6,3,3,"TR",2,\N,2
133,"Ingeniería Web",1,6,2,4,"TR",1,\N,1
134,"Dispositivos Electronicos",3,6,3,3,"TR",1,\N,2
144,"Modelos Computacionales",1,6,5,1,"TR",3,\N,\N
123,"Computación Altas Prestaciones",3,4,5,2,\N,2,\N,2
111,"Estadistica",2,4,5,3,"TR",2,\N,4
101,"Programación Orientada a Objetos",1,7,5,\N,"TR",1,\N,1
201,"Matemática Discreta",2,6,5,1,"OP",2,\N,4
