"ID","NOMBRE","APELLIDO1","APELLIDO2","DEPARTAMENTO","TELEFONO","EMAIL","DESPACHO","FECHA_NACIMIENTO","ANTIGUEDAD","DIRECTOR_TESIS"
"J-98766","Michael","Brown",\N,4,\N,\N,\N,1942-01-24,1976-01-24,"A-34-CEU-01"
"A-89-CEU-99","Manuel","Enciso","Garcia-Oliveros",1,"3309","enciso_lcc@uma.es","3-2-30",1968-01-01,1991-11-01,"C-34-TU-00"
"C-34-TU-00","Enrique","Soler","Castillo",2,"2789","esc@gisum.lcc.uma.es","3-2-43",1972-12-24,1992-10-01,\N
"C-67-CEU-98","Miguel","Ortiz",\N,1,"2875",\N,"3-2-21",1949-08-01,1989-03-01,"A-89-CEU-99"
"D-92-PC-92","Maria del Mar","Roldán","García",2,"2875","mar@ctima.uma.es","2-2-A17",1980-12-21,2002-09-01,"A-89-CEU-99"
"F-12-AY-02","Sergio","Gálvez","Rojas",1,"7151","cesar.lcc.uma.es@uma.es","3-2-33",1974-04-03,1985-04-04,"C-34-TU-00"
"A-34-CEU-01","Carlos","Fernández","Croquet",3,"2755","rossi@ctima.uma.es","2-2-43-A",1931-08-01,1992-09-01,\N
"G-34-TEU-96","Ana","Jiménez","Santos",3,\N,"rqg@lccuma.es",\N,\N,1989-03-01,\N
"H-32-TU-99","Miguel","Hermoso","Gala",4,\N,\N,"4-1-1",\N,2011-01-14,"H-32-TU-99"
"H-77-TU-99","Juana","Hernandez","Lopez",4,\N,\N,"4-2-1",1992-09-14,2012-01-14,\N
"K-92-CU","Antonio","Villanueva","Pedraza",4,"2755",\N,"2-2-43-A",1970-09-16,2010-09-17,\N
